City_ID,City,Lat,Lng,Max Temp,Humidity,Cloudiness,Wind Speed,Country,Date
0,Ahipara,-35.1667,173.1667,58.06,61,8,3.11,NZ,2022-07-03 03:44:39
1,Hilo,19.7297,-155.09,77.61,88,71,1.01,US,2022-07-03 03:54:27
2,La Asuncion,11.0333,-63.8628,87.53,70,49,13.8,VE,2022-07-03 03:54:28
3,Kokkola,63.8385,23.1307,63.93,94,0,10.36,FI,2022-07-03 03:54:28
4,Mar Del Plata,-38.0023,-57.5575,39.94,75,0,2.3,AR,2022-07-03 03:54:29
5,Kapaa,22.0752,-159.319,78.12,79,100,8.01,US,2022-07-03 03:54:29
6,Castro,-24.7911,-50.0119,56.21,74,6,4.34,BR,2022-07-03 03:54:30
7,Albany,42.6001,-73.9662,66.06,76,71,3.91,US,2022-07-03 03:54:30
8,Bredasdorp,-34.5322,20.0403,50.2,81,8,7.05,ZA,2022-07-03 03:54:30
9,Ushuaia,-54.8,-68.3,38.86,75,40,12.66,AR,2022-07-03 03:54:31
10,Puerto Ayora,-0.7393,-90.3518,70.56,87,39,1.99,EC,2022-07-03 03:54:31
11,Mitsamiouli,-11.3847,43.2844,77.29,61,40,19.57,KM,2022-07-03 03:54:31
12,Hami,42.8,93.45,88.83,19,100,4.88,CN,2022-07-03 03:47:15
13,Jacareacanga,-6.2222,-57.7528,75.51,77,81,1.21,BR,2022-07-03 03:54:32
14,Hobart,-42.8794,147.3294,58.23,68,20,10.36,AU,2022-07-03 03:40:52
15,Salaga,8.5508,-0.5188,71.83,93,84,3.53,GH,2022-07-03 03:54:32
16,Meulaboh,4.1363,96.1285,83.26,67,90,3.15,ID,2022-07-03 03:54:33
17,Port Alfred,-33.5906,26.891,57.18,89,11,6.33,ZA,2022-07-03 03:54:33
18,Rikitea,-23.1203,-134.9692,74.43,76,6,21.97,PF,2022-07-03 03:54:33
19,Biankouma,7.7391,-7.6138,67.86,98,100,2.06,CI,2022-07-03 03:54:33
20,Vaini,-21.2,-175.2,75.36,78,75,9.22,TO,2022-07-03 03:54:34
21,Izumo,35.3667,132.7667,91.29,58,75,9.22,JP,2022-07-03 03:49:50
22,Asosa,10.0667,34.5333,60.17,98,100,0.78,ET,2022-07-03 03:54:34
23,Port Hawkesbury,45.6169,-61.3485,68.81,92,100,5.99,CA,2022-07-03 03:54:35
24,Lincoln,40.8,-96.667,74.28,84,7,4.0,US,2022-07-03 03:54:35
25,Nago,26.5881,127.9761,77.45,86,100,13.71,JP,2022-07-03 03:50:17
26,Faya,18.3851,42.4509,66.31,28,84,0.49,SA,2022-07-03 03:47:18
27,Qaanaaq,77.484,-69.3632,37.09,99,100,7.07,GL,2022-07-03 03:54:36
28,Hithadhoo,-0.6,73.0833,84.09,71,99,9.82,MV,2022-07-03 03:54:37
29,Kavieng,-2.5744,150.7967,84.61,73,24,13.24,PG,2022-07-03 03:46:03
30,Abu Samrah,35.3029,37.1841,75.42,58,0,7.72,SY,2022-07-03 03:47:24
31,Tuktoyaktuk,69.4541,-133.0374,78.8,41,0,13.8,CA,2022-07-03 03:54:38
32,Yelizovo,53.1873,158.3805,64.54,82,75,6.71,RU,2022-07-03 03:54:38
33,Pevek,69.7008,170.3133,32.4,98,100,8.25,RU,2022-07-03 03:54:38
34,Saint-Philippe,-21.3585,55.7679,69.39,74,61,14.54,RE,2022-07-03 03:54:39
35,Marsh Harbour,26.5412,-77.0636,80.96,74,82,14.23,BS,2022-07-03 03:49:56
36,Ostrovnoy,68.0531,39.5131,61.66,58,7,16.33,RU,2022-07-03 03:47:14
37,Sangar,63.9242,127.4739,76.82,47,56,10.18,RU,2022-07-03 03:54:39
38,Antalaha,-14.9003,50.2788,68.99,84,85,15.55,MG,2022-07-03 03:54:40
39,Namatanai,-3.6667,152.4333,84.83,69,24,9.24,PG,2022-07-03 03:54:40
40,Deputatskiy,69.3,139.9,56.41,62,100,1.95,RU,2022-07-03 03:53:45
41,Nikolskoye,59.7035,30.7861,73.87,62,100,4.12,RU,2022-07-03 03:44:54
42,Busselton,-33.65,115.3333,58.64,56,0,9.93,AU,2022-07-03 03:54:41
43,Andros Town,24.7,-77.7667,82.36,71,33,15.5,BS,2022-07-03 03:54:41
44,Richards Bay,-28.783,32.0377,61.27,45,0,9.19,ZA,2022-07-03 03:54:42
45,Whyalla,-33.0333,137.5833,53.82,56,23,13.78,AU,2022-07-03 03:54:43
46,Quelimane,-17.8786,36.8883,62.29,95,0,2.33,MZ,2022-07-03 03:54:43
47,Gillette,44.2911,-105.5022,66.11,60,55,4.0,US,2022-07-03 03:55:44
48,Georgetown,5.4112,100.3354,89.55,62,20,10.36,MY,2022-07-03 03:55:44
49,Pangnirtung,66.1451,-65.7125,42.31,83,96,1.77,CA,2022-07-03 03:55:03
50,Marshfield,44.6689,-90.1718,58.91,93,33,4.74,US,2022-07-03 03:55:46
51,Longyearbyen,78.2186,15.6401,43.86,92,95,2.59,SJ,2022-07-03 03:50:01
52,Lavrentiya,65.5833,-171.0,47.1,89,100,3.6,RU,2022-07-03 03:46:00
53,Khandyga,62.6667,135.6,83.57,30,80,1.81,RU,2022-07-03 03:55:48
54,Orkney,-26.9802,26.6727,48.34,60,10,3.65,ZA,2022-07-03 03:55:48
55,Sao Paulo De Olivenca,-3.3783,-68.8725,74.08,94,87,0.78,BR,2022-07-03 03:55:49
56,Zambezi,-13.5432,23.1047,51.6,71,0,5.88,ZM,2022-07-03 03:55:49
57,Tandil,-37.3217,-59.1332,38.68,58,0,6.24,AR,2022-07-03 03:52:30
58,Mataura,-46.1927,168.8643,51.48,69,42,9.48,NZ,2022-07-03 03:55:50
59,Lebu,-37.6167,-73.65,47.34,80,20,5.5,CL,2022-07-03 03:55:50
60,Portland,45.5234,-122.6762,68.47,71,76,4.0,US,2022-07-03 03:48:33
61,Nisia Floresta,-6.0911,-35.2086,79.18,92,71,9.19,BR,2022-07-03 03:55:52
62,Carroll,39.5501,-77.0164,72.72,88,88,3.0,US,2022-07-03 03:55:53
63,Airai,-8.9266,125.4092,66.47,82,91,3.96,TL,2022-07-03 03:46:03
64,Dikson,73.5069,80.5464,32.81,93,88,12.35,RU,2022-07-03 03:55:54
65,Cockburn Town,21.4612,-71.1419,82.02,79,58,26.6,TC,2022-07-03 03:53:04
66,Yellowknife,62.456,-114.3525,63.12,55,20,4.61,CA,2022-07-03 03:55:55
67,Lashio,22.9333,97.75,72.01,96,100,1.21,MM,2022-07-03 03:54:59
68,Lodja,-3.4833,23.4333,66.56,66,4,0.69,CD,2022-07-03 03:55:55
69,Husavik,66.0449,-17.3389,43.74,98,100,14.18,IS,2022-07-03 03:55:56
70,Urumqi,43.801,87.6005,77.95,32,0,8.95,CN,2022-07-03 03:53:29
71,Victoria,22.2855,114.1577,87.85,79,100,28.99,HK,2022-07-03 03:53:21
72,Korla,41.7597,86.1469,89.64,14,80,6.46,CN,2022-07-03 03:52:18
73,Arraial Do Cabo,-22.9661,-42.0278,69.96,85,0,19.42,BR,2022-07-03 03:55:57
74,Punta Arenas,-53.15,-70.9167,32.11,100,75,10.36,CL,2022-07-03 03:55:57
75,Atuona,-9.8,-139.0333,78.24,79,5,16.15,PF,2022-07-03 03:55:57
76,Severo-Kurilsk,50.6789,156.125,52.81,86,54,13.0,RU,2022-07-03 03:55:58
77,Carnarvon,-24.8667,113.6333,68.36,28,0,16.78,AU,2022-07-03 03:55:20
78,Pinega,64.7001,43.3936,59.7,56,0,3.51,RU,2022-07-03 03:55:59
79,Bethel,41.3712,-73.414,73.65,96,40,3.44,US,2022-07-03 03:55:59
80,Mount Isa,-20.7333,139.5,62.37,42,40,16.11,AU,2022-07-03 03:51:10
81,Ekhabi,53.5102,142.9671,66.56,63,10,7.61,RU,2022-07-03 03:56:00
82,Marck,50.949,1.9433,55.04,88,57,11.07,FR,2022-07-03 03:56:00
83,Hermanus,-34.4187,19.2345,56.8,80,35,13.85,ZA,2022-07-03 03:56:00
84,Kaitangata,-46.2817,169.8464,52.74,65,30,12.5,NZ,2022-07-03 03:56:01
85,Tasiilaq,65.6145,-37.6368,34.77,90,31,6.98,GL,2022-07-03 03:56:01
86,Noumea,-22.2763,166.4572,77.0,99,96,13.04,NC,2022-07-03 03:56:01
87,Sankt Georgen,47.1425,16.5815,57.15,74,2,2.35,HU,2022-07-03 03:56:01
88,Iqaluit,63.7506,-68.5145,40.73,86,75,0.0,CA,2022-07-03 03:49:48
89,Avarua,-21.2078,-159.775,75.25,78,100,10.36,CK,2022-07-03 03:48:39
90,Amuntai,-2.4177,115.2494,91.2,53,59,3.04,ID,2022-07-03 03:57:02
91,Port Elizabeth,-33.918,25.5701,59.29,88,100,2.3,ZA,2022-07-03 03:57:02
92,Khatanga,71.9667,102.5,51.96,72,96,16.89,RU,2022-07-03 03:57:03
93,Calama,-22.4667,-68.9333,41.49,8,0,21.85,CL,2022-07-03 03:57:03
94,Haines Junction,60.7522,-137.5108,69.75,68,92,1.14,CA,2022-07-03 03:57:03
95,Valparaiso,-33.0393,-71.6273,51.48,72,0,4.61,CL,2022-07-03 03:53:26
96,Imbituba,-28.24,-48.6703,65.86,93,65,6.13,BR,2022-07-03 03:57:04
97,Nome,64.5011,-165.4064,62.17,77,40,8.05,US,2022-07-03 03:57:04
98,Tuatapere,-46.1333,167.6833,50.77,74,62,13.4,NZ,2022-07-03 03:47:12
99,Bengkulu,-3.8004,102.2655,83.16,65,76,3.69,ID,2022-07-03 03:57:05
100,Adrar,20.5022,-10.0711,89.55,18,30,8.19,MR,2022-07-03 03:57:05
101,Port Lincoln,-34.7333,135.8667,53.73,64,100,9.28,AU,2022-07-03 03:47:21
102,Provideniya,64.3833,-173.3,52.25,68,100,4.61,RU,2022-07-03 03:47:14
103,Cayenne,4.9333,-52.3333,81.09,1,0,0.0,GF,2022-07-03 03:52:22
104,Fort Nelson,58.8053,-122.7002,76.59,33,20,2.3,CA,2022-07-03 03:57:07
105,Thompson,55.7435,-97.8558,57.36,72,100,2.3,CA,2022-07-03 03:57:07
106,Srednekolymsk,67.45,153.6833,66.24,30,1,13.96,RU,2022-07-03 03:57:07
107,Outram,1.2829,103.8379,87.93,74,40,10.36,MY,2022-07-03 03:57:07
108,Ankpa,7.3706,7.6253,69.24,98,83,5.17,NG,2022-07-03 03:57:08
109,East London,-33.0153,27.9116,59.94,72,0,10.36,ZA,2022-07-03 03:57:08
110,Pak Phanang,8.3511,100.202,93.22,71,100,7.23,TH,2022-07-03 03:57:08
111,Esperance,-33.8667,121.9,59.95,51,0,5.59,AU,2022-07-03 03:57:09
112,Morro Bay,35.3658,-120.8499,60.12,84,24,8.99,US,2022-07-03 03:57:09
113,Barrow,71.2906,-156.7887,50.56,63,17,13.38,US,2022-07-03 03:56:37
114,Nyimba,-14.5566,30.8149,56.5,87,3,2.37,ZM,2022-07-03 03:57:09
115,Cidreira,-30.1811,-50.2056,61.36,91,94,7.47,BR,2022-07-03 03:49:58
116,Torres,-29.3353,-49.7269,64.83,95,86,9.64,BR,2022-07-03 03:57:10
117,Nueve De Julio,-35.4444,-60.8831,39.4,40,1,5.19,AR,2022-07-03 03:53:24
118,Hualmay,-11.0964,-77.6139,61.72,83,68,6.02,PE,2022-07-03 03:57:11
119,Sisophon,13.5859,102.9737,86.7,66,99,12.37,KH,2022-07-03 03:57:11
120,Jackson,42.4165,-122.8345,68.95,77,75,5.75,US,2022-07-03 03:57:12
121,Chuy,-33.6971,-53.4616,43.3,88,24,3.8,UY,2022-07-03 03:57:12
122,Snezhnogorsk,69.1933,33.2531,67.78,62,6,14.23,RU,2022-07-03 03:57:13
123,Bluff,-46.6,168.3333,51.8,75,54,33.29,NZ,2022-07-03 03:57:13
124,Ust-Maya,60.4167,134.5333,83.17,32,100,3.53,RU,2022-07-03 03:57:13
125,Kodiak,57.79,-152.4072,53.11,94,100,14.97,US,2022-07-03 03:54:58
126,Tiksi,71.6872,128.8694,43.47,93,100,4.79,RU,2022-07-03 03:57:14
127,Terney,45.0503,136.6092,80.98,60,99,8.66,RU,2022-07-03 03:57:14
128,Butaritari,3.0707,172.7902,83.1,75,30,21.97,KI,2022-07-03 03:57:15
129,Sarkand,45.41,79.9186,82.51,18,26,8.05,KZ,2022-07-03 03:57:15
130,Souillac,-20.5167,57.5167,70.18,78,40,14.97,MU,2022-07-03 03:57:15
131,Filingue,14.3521,3.3168,85.1,55,21,12.73,NE,2022-07-03 03:57:15
132,Jamestown,42.097,-79.2353,63.72,81,100,2.89,US,2022-07-03 03:57:16
133,Cururupu,-1.8283,-44.8683,74.25,94,27,3.87,BR,2022-07-03 03:52:26
134,Callaway,30.153,-85.5699,78.96,89,20,3.44,US,2022-07-03 03:57:16
135,Ponta Do Sol,32.6667,-17.1,70.43,77,48,3.91,PT,2022-07-03 03:57:17
136,Ribeira Grande,38.5167,-28.7,66.27,86,38,13.02,PT,2022-07-03 03:57:17
137,Greytown,-29.0642,30.5928,44.6,64,0,3.58,ZA,2022-07-03 03:58:17
138,Darnah,32.767,22.6367,78.75,81,0,17.69,LY,2022-07-03 03:58:18
139,Mahebourg,-20.4081,57.7,73.26,78,40,14.97,MU,2022-07-03 03:58:18
140,Sassandra,4.95,-6.0833,74.26,84,99,6.58,CI,2022-07-03 03:58:18
141,Nelson Bay,-32.7167,152.15,64.99,95,100,21.0,AU,2022-07-03 03:58:19
142,Beringovskiy,63.05,179.3167,45.18,96,100,11.3,RU,2022-07-03 03:58:19
143,Cape Town,-33.9258,18.4232,55.89,90,75,11.5,ZA,2022-07-03 03:54:34
144,Margate,51.3813,1.3862,57.69,89,13,1.99,GB,2022-07-03 03:58:20
145,Saint George,37.1041,-113.5841,97.39,10,0,14.97,US,2022-07-03 03:54:55
146,Saint-Denis,48.9167,2.3333,60.15,76,0,5.75,FR,2022-07-03 03:58:20
147,Bud,39.447,-86.1758,77.02,53,100,5.21,US,2022-07-03 03:57:26
148,Codrington,-38.2667,141.9667,53.33,66,87,11.99,AU,2022-07-03 03:58:21
149,Morehead,37.2711,-87.1764,74.98,99,75,0.0,US,2022-07-03 03:58:21
150,Sitka,57.0531,-135.33,60.69,77,0,4.61,US,2022-07-03 03:49:57
151,Lata,40.1629,-8.3327,63.07,83,1,2.75,PT,2022-07-03 03:55:02
152,Atbasar,51.8,68.3333,66.4,53,0,8.23,KZ,2022-07-03 03:58:22
153,Taunggyi,20.7833,97.0333,74.44,70,91,4.45,MM,2022-07-03 03:58:23
154,Chake Chake,-5.2459,39.7666,72.3,77,4,9.42,TZ,2022-07-03 03:58:23
155,Kathmandu,27.7167,85.3167,80.82,69,75,3.44,NP,2022-07-03 03:55:04
156,Dingle,10.9995,122.6711,88.52,66,76,9.53,PH,2022-07-03 03:58:24
157,Grand Gaube,-20.0064,57.6608,73.38,60,92,13.0,MU,2022-07-03 03:58:24
158,Bulalacao,12.3254,121.3435,85.21,75,99,9.06,PH,2022-07-03 03:58:24
159,Wanganui,-39.9333,175.05,56.59,78,18,15.99,NZ,2022-07-03 03:58:25
160,Bow Island,49.8668,-111.3684,67.26,72,48,8.05,CA,2022-07-03 03:58:25
161,Nanortalik,60.1432,-45.2371,45.1,74,100,5.28,GL,2022-07-03 03:58:25
162,Itaueira,-7.6033,-43.0256,76.28,70,94,11.86,BR,2022-07-03 03:58:26
163,Aksarka,66.5606,67.7975,47.34,66,100,17.98,RU,2022-07-03 03:58:26
164,Guanica,17.9716,-66.908,80.11,88,100,21.43,PR,2022-07-03 03:58:26
165,Norman Wells,65.282,-126.8329,77.04,44,20,18.41,CA,2022-07-03 03:49:50
166,Sioux Lookout,50.1001,-91.917,51.87,76,40,0.0,CA,2022-07-03 03:58:27
167,Pisco,-13.7,-76.2167,60.85,88,40,5.75,PE,2022-07-03 03:58:27
168,Upernavik,72.7868,-56.1549,38.48,90,54,2.33,GL,2022-07-03 03:58:27
169,Salalah,17.0151,54.0924,80.2,86,89,9.35,OM,2022-07-03 03:58:27
170,Aksu,41.1231,80.2644,89.47,16,0,7.36,CN,2022-07-03 03:58:28
171,Berlevag,70.8578,29.0864,77.0,57,10,12.66,NO,2022-07-03 03:58:28
172,Bathsheba,13.2167,-59.5167,80.06,94,75,19.57,BB,2022-07-03 03:58:29
173,Talnakh,69.4865,88.3972,56.21,53,71,15.17,RU,2022-07-03 03:58:29
174,Half Moon Bay,37.4636,-122.4286,60.58,86,100,6.91,US,2022-07-03 03:58:29
175,Lensk,60.7253,114.9278,94.48,27,27,8.05,RU,2022-07-03 03:58:30
176,Chokurdakh,70.6333,147.9167,68.86,31,87,9.19,RU,2022-07-03 03:58:30
177,Ayan,56.45,138.1667,61.18,72,87,15.19,RU,2022-07-03 03:58:30
178,Ust-Nera,64.5667,143.2,74.16,33,98,5.01,RU,2022-07-03 03:48:34
179,Nchelenge,-9.3451,28.734,57.54,72,0,6.08,ZM,2022-07-03 03:58:31
180,Devils Lake,48.1128,-98.8651,66.31,85,34,9.51,US,2022-07-03 03:58:32
181,Huangmei,30.1924,116.025,89.35,64,100,5.97,CN,2022-07-03 03:59:32
182,Taveta,-3.3963,37.6736,61.47,86,63,9.82,KE,2022-07-03 03:59:32
183,Bad Oldesloe,53.8117,10.3742,66.15,69,91,8.88,DE,2022-07-03 03:56:42
184,Merauke,-8.4667,140.3333,82.04,81,100,10.76,ID,2022-07-03 03:59:33
185,Vardo,70.3705,31.1107,69.78,68,7,14.97,NO,2022-07-03 03:51:16
186,Sabha,27.0377,14.4283,81.55,21,0,6.04,LY,2022-07-03 03:59:33
187,Laguna,38.421,-121.4238,68.31,70,0,14.97,US,2022-07-03 03:59:33
188,Sakaiminato,35.55,133.2333,91.33,58,75,5.75,JP,2022-07-03 03:59:34
189,Sur,22.5667,59.5289,90.75,61,86,3.15,OM,2022-07-03 03:54:59
190,Pirovskoye,57.6267,92.2658,60.71,76,99,9.51,RU,2022-07-03 03:59:34
191,Cherskiy,68.75,161.3,40.28,94,100,11.61,RU,2022-07-03 03:59:34
192,Rio Gallegos,-51.6226,-69.2181,32.05,100,100,18.41,AR,2022-07-03 03:59:35
193,Kovdor,67.5662,30.4758,67.82,68,21,6.44,RU,2022-07-03 03:59:35
194,Sebinkarahisar,40.2883,38.4236,52.86,70,15,3.65,TR,2022-07-03 03:59:35
195,Ibra,22.6906,58.5334,90.21,48,66,4.97,OM,2022-07-03 03:59:36
196,Rio Grande,-32.035,-52.0986,51.94,81,100,10.2,BR,2022-07-03 03:52:21
197,Dawei,14.0833,98.2,81.19,83,97,4.9,MM,2022-07-03 03:59:36
198,Neuquen,-38.9516,-68.0591,46.29,49,0,14.97,AR,2022-07-03 03:49:45
199,Mehamn,71.0357,27.8492,76.95,57,11,13.8,NO,2022-07-03 03:59:37
200,Batagay,67.6333,134.6333,80.62,29,98,4.81,RU,2022-07-03 03:59:38
201,Changli,39.7042,119.1506,82.81,74,100,8.25,CN,2022-07-03 03:59:24
202,Srandakan,-7.9386,110.2506,86.02,67,55,3.11,ID,2022-07-03 03:59:38
203,Alofi,-19.0595,-169.9187,80.49,78,13,10.36,NU,2022-07-03 03:59:39
204,Goure,13.9835,10.2704,81.01,52,23,11.18,NE,2022-07-03 03:59:39
205,Garachine,8.0647,-78.3628,78.57,87,100,6.15,PA,2022-07-03 03:59:39
206,Cairns,-16.9167,145.7667,82.06,71,100,13.8,AU,2022-07-03 03:59:40
207,Olafsvik,64.8945,-23.7142,49.17,90,65,10.09,IS,2022-07-03 03:59:40
208,Waitati,-45.75,170.5667,55.8,56,2,2.48,NZ,2022-07-03 03:59:40
209,Midland,31.9974,-102.0779,84.25,46,0,13.8,US,2022-07-03 03:59:40
210,Baturaja,-4.1333,104.1667,87.96,56,67,4.36,ID,2022-07-03 03:59:41
211,Dongfeng,42.6403,125.5118,78.06,74,48,10.42,CN,2022-07-03 03:59:41
212,Sambava,-14.2667,50.1667,70.18,84,86,19.24,MG,2022-07-03 03:59:41
213,Leningradskiy,69.3833,178.4167,39.45,87,100,3.22,RU,2022-07-03 03:59:42
214,Geraldton,-28.7667,114.6,64.81,36,0,20.71,AU,2022-07-03 03:59:42
215,Guangyuan,32.442,105.823,86.07,58,67,2.71,CN,2022-07-03 03:59:42
216,Novo Aripuana,-5.1206,-60.3797,74.26,84,44,1.43,BR,2022-07-03 03:59:43
217,Porto Santo,33.072,-16.3415,68.38,77,75,8.05,PT,2022-07-03 03:59:44
218,Araouane,18.9048,-3.5265,91.18,33,88,14.36,ML,2022-07-03 03:56:09
219,Amapa,1.0,-52.0,69.89,99,37,1.77,BR,2022-07-03 03:59:45
220,Harper,4.375,-7.7169,74.93,82,100,7.94,LR,2022-07-03 03:52:20
221,Oksfjord,70.2396,22.3479,75.27,66,0,8.1,NO,2022-07-03 03:59:45
222,Muli,2.9167,73.5667,79.14,83,100,13.04,MV,2022-07-03 03:59:45
223,Diffa,13.3154,12.6113,82.36,48,100,7.02,NE,2022-07-03 03:59:46
224,Conde,-7.2597,-34.9075,72.86,94,75,6.91,BR,2022-07-03 03:59:46
225,Popondetta,-8.7537,148.2534,89.26,53,64,6.78,PG,2022-07-03 04:00:47
226,Voyvozh,62.892,54.9635,56.21,59,39,8.7,RU,2022-07-03 04:00:47
227,Havoysund,70.9963,24.6622,70.03,72,4,15.66,NO,2022-07-03 04:00:47
228,Carlyle,38.6103,-89.3726,75.6,90,96,7.87,US,2022-07-03 04:00:48
229,Xining,36.6167,101.7667,73.8,39,54,3.18,CN,2022-07-03 04:00:48
230,Poya,-21.35,165.15,80.24,68,94,6.26,NC,2022-07-03 04:00:48
231,Lewiston,44.1003,-70.2148,65.25,85,48,1.01,US,2022-07-03 04:00:49
232,Lorengau,-2.0226,147.2712,83.21,79,91,9.08,PG,2022-07-03 04:00:49
233,Oktyabrskoye,43.0645,44.7417,59.14,72,0,8.95,RU,2022-07-03 04:00:50
234,Usinsk,65.9939,57.5281,51.91,49,2,14.52,RU,2022-07-03 04:00:50
235,Samarai,-10.6167,150.6667,83.21,77,5,13.33,PG,2022-07-03 04:00:50
236,Clyde River,70.4692,-68.5914,30.43,100,100,10.36,CA,2022-07-03 04:00:51
237,Cabo San Lucas,22.8909,-109.9124,85.51,63,1,3.0,MX,2022-07-03 04:00:51
238,Constitucion,-35.3333,-72.4167,51.03,78,100,8.43,CL,2022-07-03 04:00:51
239,Manokwari,-0.8667,134.0833,77.56,90,94,12.66,ID,2022-07-03 04:00:51
240,Burns Lake,54.2331,-125.7533,64.89,54,10,2.39,CA,2022-07-03 04:00:52
241,Tura,25.5198,90.2201,84.65,70,100,5.77,IN,2022-07-03 04:00:52
242,New Norfolk,-42.7826,147.0587,57.88,78,67,2.06,AU,2022-07-03 04:00:53
243,Pecos,31.4229,-103.4932,86.31,42,0,9.22,US,2022-07-03 04:00:53
244,The Valley,18.217,-63.0578,82.09,82,100,18.41,AI,2022-07-03 04:00:53
245,Lermontovka,47.1453,134.3383,74.3,93,100,4.72,RU,2022-07-03 04:00:53
246,Kahului,20.8947,-156.47,79.84,83,85,5.01,US,2022-07-03 04:00:54
247,Svetlogorsk,52.6333,29.7333,64.22,68,52,5.19,BY,2022-07-03 03:56:15
248,Ust-Kan,50.9276,84.761,59.09,51,70,2.1,RU,2022-07-03 04:00:54
249,Aleksandrov Gay,50.147,48.5704,58.41,82,75,14.12,RU,2022-07-03 04:00:54
250,Trelew,-43.249,-65.3051,48.27,49,58,24.16,AR,2022-07-03 04:00:55
251,College,64.8569,-147.8028,81.59,47,75,6.11,US,2022-07-03 04:00:55
252,Narsaq,60.9167,-46.05,50.22,64,100,1.72,GL,2022-07-03 04:00:55
253,Port Hardy,50.6996,-127.4199,57.4,90,25,12.8,CA,2022-07-03 04:00:56
254,Innisfail,-17.5333,146.0333,70.03,88,100,7.72,AU,2022-07-03 04:00:56
255,Mae Hong Son,19.3003,97.9685,82.54,78,75,3.44,TH,2022-07-03 03:58:10
256,Isla Mujeres,21.2311,-86.731,84.16,82,9,11.52,MX,2022-07-03 04:00:57
257,Tautira,-17.7333,-149.15,77.09,65,58,13.51,PF,2022-07-03 04:00:57
258,Bimbo,4.2567,18.4158,65.3,97,78,1.54,CF,2022-07-03 04:00:57
259,Stromness,58.965,-3.296,53.87,86,100,14.0,GB,2022-07-03 04:00:58
260,Kimbe,-5.5502,150.1429,89.17,60,47,6.67,PG,2022-07-03 03:56:13
261,Fortuna,40.5982,-124.1573,56.66,94,100,4.36,US,2022-07-03 04:00:58
262,Fort-Shevchenko,44.5086,50.263,67.64,59,46,27.22,KZ,2022-07-03 04:00:59
263,Charlottesville,38.0293,-78.4767,75.45,94,79,1.21,US,2022-07-03 04:00:59
264,Kirkuk,35.4681,44.3922,89.85,19,0,9.1,IQ,2022-07-03 04:01:00
265,Asau,46.4333,26.4,71.96,96,72,0.74,RO,2022-07-03 04:01:00
266,Omboue,-1.5746,9.2618,71.55,92,30,5.59,GA,2022-07-03 04:01:00
267,Alice Springs,-23.7,133.8833,53.15,40,0,12.66,AU,2022-07-03 04:00:57
268,Ponta Delgada,37.7333,-25.6667,67.5,82,40,6.91,PT,2022-07-03 03:57:36
269,Yuanping,38.7153,112.7575,79.99,58,56,5.95,CN,2022-07-03 04:01:01
270,Camuy,18.4838,-66.8449,80.04,88,100,4.0,PR,2022-07-03 04:01:02
271,Namibe,-15.1961,12.1522,65.8,62,0,7.76,AO,2022-07-03 04:01:02
272,Glens Falls,43.3095,-73.644,65.32,76,0,1.99,US,2022-07-03 04:01:03
273,Bolshaya Dzhalga,45.9695,42.6966,64.76,60,1,13.11,RU,2022-07-03 04:01:03
274,Tual,-5.6667,132.75,79.77,87,100,21.5,ID,2022-07-03 04:02:04
275,Machachi,-0.5,-78.5667,49.75,93,53,5.39,EC,2022-07-03 04:02:05
276,Bambous Virieux,-20.3428,57.7575,73.22,66,94,21.09,MU,2022-07-03 04:02:06
277,Hasaki,35.7333,140.8333,97.29,66,64,13.29,JP,2022-07-03 04:00:47
278,Goderich,43.7501,-81.7165,59.92,64,54,8.32,CA,2022-07-03 04:02:06
279,Eenhana,-17.4667,16.3333,50.18,52,0,5.68,NA,2022-07-03 04:00:20
280,Arkhangelsk,64.5401,40.5433,60.91,77,20,4.47,RU,2022-07-03 04:01:42
281,Saldanha,-33.0117,17.9442,56.5,78,96,10.02,ZA,2022-07-03 04:02:07
282,West Bay,19.3667,-81.4167,82.99,84,2,1.01,KY,2022-07-03 04:02:08
283,Pires Do Rio,-17.2997,-48.2794,62.1,61,5,4.83,BR,2022-07-03 04:02:09
284,Groningen,53.25,6.75,60.04,90,52,1.14,NL,2022-07-03 04:01:16
285,Umm Lajj,25.0213,37.2685,84.31,54,100,5.77,SA,2022-07-03 04:02:08
286,Pochutla,15.7432,-96.4661,79.83,87,29,5.03,MX,2022-07-03 04:02:10
287,Isla Vista,34.4133,-119.861,74.37,62,0,7.0,US,2022-07-03 04:02:10
288,Isangel,-19.55,169.2667,77.77,77,97,14.76,VU,2022-07-03 04:02:11
289,Erzin,36.9559,36.2,74.75,76,5,1.79,TR,2022-07-03 04:02:12
290,Volokolamsk,56.0336,35.9694,63.37,74,100,7.27,RU,2022-07-03 04:02:12
291,Tiznit,29.5833,-9.5,64.56,73,0,1.45,MA,2022-07-03 04:02:13
292,Beipiao,41.7919,120.7792,86.85,55,100,12.73,CN,2022-07-03 04:02:13
293,Kabare,-2.4683,28.8242,55.76,92,38,0.63,CD,2022-07-03 04:02:14
294,Lagoa,39.05,-27.9833,64.8,87,70,11.61,PT,2022-07-03 04:02:14
295,Viransehir,37.2353,39.7631,83.37,16,0,16.58,TR,2022-07-03 04:02:15
296,Mackay,-21.15,149.2,64.69,89,100,11.1,AU,2022-07-03 04:00:40
297,Rundu,-17.9333,19.7667,48.85,75,0,5.1,NA,2022-07-03 04:00:32
298,Sarkikaraagac,38.0794,31.3664,58.66,67,0,5.48,TR,2022-07-03 04:02:15
299,Ejea De Los Caballeros,42.1263,-1.1372,66.42,68,4,4.25,ES,2022-07-03 04:02:16
300,Los Alamos,35.8881,-106.307,64.67,73,100,10.36,US,2022-07-03 04:02:16
301,Arroyo Grande,35.1186,-120.5907,59.09,83,100,11.5,US,2022-07-03 04:02:16
302,Turukhansk,65.8167,87.9833,56.01,87,100,6.08,RU,2022-07-03 04:02:17
303,Kabalo,-6.05,26.9167,68.18,54,0,4.45,CD,2022-07-03 04:02:17
304,Almaznyy,48.0448,40.045,62.04,61,0,13.31,RU,2022-07-03 04:02:18
305,Port Hedland,-20.3167,118.5667,73.45,20,0,21.85,AU,2022-07-03 04:02:18
306,Cuenca,-2.8833,-78.9833,52.99,98,98,3.38,EC,2022-07-03 04:00:03
307,Wembley,-31.9333,115.8,64.36,47,0,13.8,AU,2022-07-03 04:02:18
308,Comodoro Rivadavia,-45.8667,-67.5,43.63,48,54,26.28,AR,2022-07-03 04:01:53
309,Vieste,41.8825,16.175,78.64,70,0,9.4,IT,2022-07-03 04:02:19
310,San Patricio,28.017,-97.5169,85.89,80,31,14.76,US,2022-07-03 04:02:19
311,Risor,58.7206,9.2342,59.29,87,72,13.87,NO,2022-07-03 04:02:20
312,Urbino,43.7298,12.6356,72.9,59,26,2.84,IT,2022-07-03 04:02:21
313,Rocha,-34.4833,-54.3333,39.6,91,3,3.22,UY,2022-07-03 04:02:21
314,Lompoc,34.6391,-120.4579,58.01,93,100,16.11,US,2022-07-03 04:02:21
315,Labuhan,-6.8844,112.2051,86.34,66,46,9.1,ID,2022-07-03 04:02:21
316,Nushki,29.5542,66.0215,94.93,35,0,4.18,PK,2022-07-03 04:02:22
317,Grindavik,63.8424,-22.4338,48.67,93,75,16.11,IS,2022-07-03 04:02:22
318,Garoua Boulai,5.8833,14.55,60.87,93,84,1.39,CM,2022-07-03 04:03:22
319,Katete,-0.7818,29.7544,59.47,70,84,3.22,UG,2022-07-03 04:03:23
320,Yulara,-25.2406,130.9889,56.97,29,0,17.09,AU,2022-07-03 04:03:23
321,Katsuura,35.1333,140.3,81.18,80,97,12.88,JP,2022-07-03 04:03:23
322,Elat,29.5581,34.9482,84.04,37,0,4.61,IL,2022-07-03 04:03:24
323,Hendrina,-26.1588,29.7153,39.51,60,0,2.95,ZA,2022-07-03 04:03:24
324,Carbonia,39.1672,8.5222,71.01,67,45,3.89,IT,2022-07-03 04:01:43
325,Kurtamysh,54.9103,64.4319,65.12,64,24,5.39,RU,2022-07-03 04:03:24
326,Karaton,-6.3424,106.1045,87.22,61,12,0.43,ID,2022-07-03 04:03:25
327,Surt,31.2089,16.5887,77.9,66,0,1.52,LY,2022-07-03 04:02:57
328,Faanui,-16.4833,-151.75,79.07,65,17,14.52,PF,2022-07-03 04:03:26
329,Hofn,64.2539,-15.2082,52.23,72,100,13.98,IS,2022-07-03 04:03:26
330,Manaus,-3.1019,-60.025,81.1,89,0,5.75,BR,2022-07-03 04:01:57
331,Antofagasta,-23.65,-70.4,56.48,82,49,4.7,CL,2022-07-03 03:56:11
332,Nouadhibou,20.931,-17.0347,67.73,85,0,21.25,MR,2022-07-03 04:02:29
333,Vallenar,-28.5708,-70.7581,59.07,35,100,2.33,CL,2022-07-03 03:57:25
334,Acapulco,16.8634,-99.8901,84.02,74,40,9.22,MX,2022-07-03 04:03:28
335,Anchorage,61.2181,-149.9003,77.65,41,20,13.8,US,2022-07-03 04:03:28
336,Vao,-22.6667,167.4833,73.35,79,99,18.41,NC,2022-07-03 04:03:28
337,Atyrau,47.1167,51.8833,57.22,82,75,6.71,KZ,2022-07-03 04:03:29
338,Cabra,37.4725,-4.4421,70.66,80,82,1.01,ES,2022-07-03 04:01:52
339,Lagos,6.5833,3.75,77.32,90,70,3.24,NG,2022-07-03 03:59:24
340,Zyryanka,65.75,150.85,70.56,34,89,9.8,RU,2022-07-03 04:03:30
341,Wilmington,34.2257,-77.9447,78.94,91,21,1.99,US,2022-07-03 04:00:00
342,Xai-Xai,-25.0519,33.6442,60.35,93,0,6.64,MZ,2022-07-03 04:02:05
343,Annonay,45.2397,4.6708,65.82,61,3,3.02,FR,2022-07-03 04:03:31
344,Gorom-Gorom,14.4439,-0.2361,84.42,56,84,10.54,BF,2022-07-03 04:03:31
345,Qaqortoq,60.7167,-46.0333,45.99,72,100,2.77,GL,2022-07-03 04:03:31
346,Kuching,1.55,110.3333,88.02,74,40,3.44,MY,2022-07-03 04:03:26
347,Coquimbo,-29.9533,-71.3436,49.73,87,0,5.75,CL,2022-07-03 04:03:32
348,Kirkwood,38.5834,-90.4068,73.71,94,89,4.0,US,2022-07-03 04:03:32
349,Catamarca,-28.4696,-65.7852,54.77,39,60,5.01,AR,2022-07-03 04:00:03
350,Gumdag,39.2061,54.5906,82.17,37,61,6.87,TM,2022-07-03 04:03:33
351,Gashua,12.871,11.0482,83.66,56,97,11.79,NG,2022-07-03 04:03:33
352,El Campo,29.1966,-96.2697,82.81,83,40,6.91,US,2022-07-03 04:03:35
353,Boa Vista,2.8197,-60.6733,78.78,83,40,1.14,BR,2022-07-03 04:02:24
354,Sao Joao Da Barra,-21.6403,-41.0511,68.68,83,0,13.8,BR,2022-07-03 04:03:02
355,Olga,43.7444,135.2892,87.82,42,20,9.13,RU,2022-07-03 04:03:36
356,Sheopur,25.6667,76.7,89.22,60,100,7.11,IN,2022-07-03 04:03:37
357,Muros,42.7762,-9.0603,65.08,80,9,14.07,ES,2022-07-03 04:03:30
358,Notodden,59.5594,9.2585,59.76,81,60,6.11,NO,2022-07-03 04:03:38
359,Massaguet,12.4755,15.4365,79.02,73,97,9.08,TD,2022-07-03 04:03:38
360,Hamilton,39.1834,-84.5333,77.63,62,100,3.18,US,2022-07-03 03:59:05
361,Lasa,46.6166,10.7002,60.37,88,32,3.44,IT,2022-07-03 04:03:39
362,Kloulklubed,7.0419,134.2556,85.1,74,80,12.03,PW,2022-07-03 03:53:48
363,Abu Dhabi,24.4667,54.3667,91.42,77,100,4.61,AE,2022-07-03 04:04:25
364,Ancud,-41.8697,-73.8203,42.22,76,100,15.7,CL,2022-07-03 04:04:40
365,Ulladulla,-35.35,150.4667,58.1,71,100,20.15,AU,2022-07-03 04:00:34
366,Ketchikan,55.3422,-131.6461,70.27,64,0,3.44,US,2022-07-03 04:04:40
367,Torbay,47.6666,-52.7314,63.28,88,100,8.99,CA,2022-07-03 04:04:41
368,Arlit,18.7369,7.3853,88.38,23,88,1.28,NE,2022-07-03 04:04:41
369,Norway,45.7869,-87.9037,57.54,70,100,0.0,US,2022-07-03 04:04:41
370,Baindur,13.8667,74.6333,80.4,85,100,11.39,IN,2022-07-03 04:04:42
371,Raton,36.9034,-104.4391,61.41,87,100,3.44,US,2022-07-03 04:04:42
372,Olinda,-8.0089,-34.8553,76.66,75,83,14.5,BR,2022-07-03 04:02:42
373,Valleyview,55.0667,-117.2859,54.01,80,26,3.69,CA,2022-07-03 04:04:42
374,Alyangula,-13.8483,136.4192,72.48,74,100,17.49,AU,2022-07-03 04:04:43
375,Nuevo Ideal,24.8875,-105.0728,60.89,83,100,6.35,MX,2022-07-03 04:04:43
376,Asarganj,25.15,86.6833,93.42,53,80,8.93,IN,2022-07-03 04:04:43
377,Naze,28.3667,129.4833,78.01,86,92,17.36,JP,2022-07-03 04:03:28
378,Nipawin,53.3668,-104.0009,54.21,77,83,4.41,CA,2022-07-03 04:04:44
379,King City,36.2127,-121.126,66.92,72,0,8.57,US,2022-07-03 04:04:45
380,Acajutla,13.5928,-89.8275,78.22,87,100,8.23,SV,2022-07-03 04:02:54
381,Yumen,40.2833,97.2,84.54,19,10,10.31,CN,2022-07-03 04:04:46
382,Nahan,30.55,77.3,88.25,54,80,6.29,IN,2022-07-03 04:03:03
383,Panzhihua,26.5851,101.7128,84.27,59,26,1.39,CN,2022-07-03 04:02:34
384,Burnie,-41.0667,145.9167,51.6,56,4,2.48,AU,2022-07-03 04:04:47
385,Borogontsy,62.6683,131.1683,82.69,36,100,5.88,RU,2022-07-03 04:04:47
386,Dillon,34.4166,-79.3712,79.14,93,8,4.47,US,2022-07-03 04:04:47
387,Axim,4.8699,-2.2405,76.21,82,70,7.63,GH,2022-07-03 04:04:48
388,Hohhot,40.8106,111.6522,79.0,51,41,12.21,CN,2022-07-03 04:02:27
389,Chapais,49.7834,-74.8492,39.29,92,13,5.3,CA,2022-07-03 04:04:49
390,Zhigansk,66.7697,123.3711,73.2,44,86,15.43,RU,2022-07-03 04:04:49
391,Taltal,-25.4,-70.4833,58.05,76,77,5.17,CL,2022-07-03 04:04:49
392,Martapura,-3.4167,114.85,87.89,66,40,5.75,ID,2022-07-03 04:02:52
393,Hazorasp,41.3194,61.0742,82.24,14,70,10.8,UZ,2022-07-03 04:02:24
394,Desna,50.9273,30.7605,67.86,60,29,4.09,UA,2022-07-03 04:04:50
395,Shingu,33.7333,135.9833,77.4,91,100,1.07,JP,2022-07-03 04:04:50
396,Revda,56.801,59.9303,63.09,62,98,4.85,RU,2022-07-03 04:01:50
397,Granadilla De Abona,28.1188,-16.576,63.19,80,20,6.91,ES,2022-07-03 04:01:50
398,Kourou,5.1552,-52.6478,81.1,90,89,6.2,GF,2022-07-03 04:00:28
399,Villa Carlos Paz,-31.4241,-64.4978,39.4,39,1,4.68,AR,2022-07-03 04:02:24
400,Visby,57.6409,18.296,61.83,94,4,0.0,SE,2022-07-03 04:01:35
401,Alamos,27.0167,-108.9333,80.71,69,70,1.66,MX,2022-07-03 04:04:52
402,Saint-Pierre,-21.3393,55.4781,71.91,67,0,11.5,RE,2022-07-03 04:00:06
403,Pekan,3.4836,103.3996,88.27,58,90,4.5,MY,2022-07-03 04:02:48
404,Keetmanshoop,-26.5833,18.1333,55.35,45,0,4.52,NA,2022-07-03 04:00:20
405,Sabya,17.1495,42.6254,89.2,58,37,4.5,SA,2022-07-03 04:04:53
406,Talara,-4.5772,-81.2719,63.9,86,15,12.33,PE,2022-07-03 04:04:53
407,Corinto,37.9407,22.9573,81.41,51,0,9.24,GR,2022-07-03 04:01:31
408,Denizli,37.8402,29.0698,72.66,58,0,3.18,TR,2022-07-03 04:02:44
409,Velizh,55.6056,31.1967,67.89,85,97,2.51,RU,2022-07-03 04:05:54
410,Ngunguru,-35.6167,174.5,59.54,57,21,6.38,NZ,2022-07-03 04:05:54
411,Kemijarvi,66.7131,27.4306,66.69,85,61,6.62,FI,2022-07-03 04:05:55
412,Poum,-20.2333,164.0167,78.03,81,100,19.06,NC,2022-07-03 04:05:55
413,Punta Alta,-38.8759,-62.0736,43.41,44,4,13.87,AR,2022-07-03 04:05:55
414,Ilulissat,69.2167,-51.1,41.02,87,39,1.14,GL,2022-07-03 04:05:56
415,Castlegar,49.2998,-117.6689,69.1,53,72,3.15,CA,2022-07-03 04:02:04
416,Altay,47.8667,88.1167,68.47,29,2,6.55,CN,2022-07-03 04:02:35
417,Kota Kinabalu,5.9749,116.0724,89.58,66,20,3.44,MY,2022-07-03 04:01:43
418,Sobolevo,54.4299,31.8996,65.39,86,92,3.0,RU,2022-07-03 04:05:57
419,Smithers,54.7804,-127.1743,69.1,62,31,3.58,CA,2022-07-03 04:05:57
420,Dicabisagan,17.0818,122.4157,83.77,73,100,9.86,PH,2022-07-03 04:05:58
421,Pandan,14.0453,124.1694,81.7,82,100,8.32,PH,2022-07-03 04:05:58
422,Waipawa,-41.4122,175.5153,50.92,72,0,0.85,NZ,2022-07-03 04:05:58
423,Santa Isabel Do Rio Negro,-0.4139,-65.0192,72.21,99,62,2.68,BR,2022-07-03 04:05:58
424,Coffs Harbour,-30.3,153.1333,69.13,59,40,6.91,AU,2022-07-03 04:04:48
425,Magugu,-4.0167,35.7667,52.88,91,8,2.44,TZ,2022-07-03 04:03:37
426,Kaabong,3.4836,34.1492,60.46,88,68,1.43,UG,2022-07-03 04:05:59
427,Viedma,-40.8135,-62.9967,46.74,32,59,16.44,AR,2022-07-03 04:05:59
428,Eyl,7.9803,49.8164,78.08,65,100,30.8,SO,2022-07-03 04:03:37
429,Praia Da Vitoria,38.7333,-27.0667,65.75,83,83,9.08,PT,2022-07-03 04:06:00
430,Astoria,46.1879,-123.8313,59.7,82,100,6.91,US,2022-07-03 04:06:01
431,Ginda,30.6945,78.4932,77.49,67,74,3.06,IN,2022-07-03 04:06:02
432,Flinders,-34.5833,150.8552,61.38,85,100,5.01,AU,2022-07-03 04:04:06
433,Sambek,47.7431,39.8308,61.88,54,0,13.31,RU,2022-07-03 04:06:02
434,Kuito,-12.3833,16.9333,48.31,57,0,0.25,AO,2022-07-03 04:02:01
435,Sakakah,29.9697,40.2064,80.83,35,0,10.02,SA,2022-07-03 04:01:44
436,Kruisfontein,-34.0033,24.7314,56.88,85,91,3.89,ZA,2022-07-03 04:03:36
437,Guerrero Negro,27.9769,-114.0611,68.23,80,0,19.42,MX,2022-07-03 03:56:06
438,Labatlan,47.7473,18.4962,64.31,83,0,1.41,HU,2022-07-03 04:06:04
439,Tezu,27.9167,96.1667,89.82,62,99,4.0,IN,2022-07-03 04:06:04
440,Karachi,24.9056,67.0822,89.42,66,20,4.61,PK,2022-07-03 04:03:35
441,Kamenka,51.3223,42.7678,58.78,75,8,10.18,RU,2022-07-03 04:06:05
442,Kavaratti,10.5669,72.642,82.31,81,100,18.9,IN,2022-07-03 03:57:21
443,Plettenberg Bay,-34.0527,23.3716,56.14,84,13,1.57,ZA,2022-07-03 04:06:05
444,Lukovetskiy,64.2956,41.9211,62.46,57,3,2.13,RU,2022-07-03 04:06:06
445,Vila Velha,-20.3297,-40.2925,66.94,91,0,5.46,BR,2022-07-03 04:01:59
446,Biak,-0.9131,122.8766,84.02,68,54,3.24,ID,2022-07-03 04:06:06
447,Portel,-1.9356,-50.8211,73.17,96,86,3.69,BR,2022-07-03 04:03:03
448,Verkhoyansk,67.5447,133.385,81.43,31,88,6.67,RU,2022-07-03 04:06:07
449,Dunda,-8.1167,34.25,50.67,83,0,1.88,TZ,2022-07-03 04:06:07
450,Sabang,5.8933,95.3214,84.02,71,99,18.72,ID,2022-07-03 04:03:07
451,Pausesti,45.0667,24.1333,67.21,79,6,3.0,RO,2022-07-03 04:06:08
452,Kawalu,-7.3817,108.2082,84.81,66,65,3.87,ID,2022-07-03 04:03:20
453,Juneau,58.3019,-134.4197,75.2,84,20,4.61,US,2022-07-03 04:07:09
454,Leiyang,26.4024,112.8591,79.12,92,100,6.82,CN,2022-07-03 04:02:33
455,Parsabad,39.6482,47.9174,77.7,41,100,15.57,IR,2022-07-03 04:03:08
456,Tsumeb,-19.2333,17.7167,52.83,57,0,8.88,NA,2022-07-03 04:07:10
457,Douentza,14.9951,-2.9517,85.39,57,98,7.99,ML,2022-07-03 04:07:10
458,Ballina,-28.8667,153.5667,70.02,69,19,1.14,AU,2022-07-03 04:07:11
459,Solnechnyy,50.7214,136.6319,80.69,59,97,5.61,RU,2022-07-03 04:07:11
460,Fare,-16.7,-151.0167,78.24,69,0,13.82,PF,2022-07-03 04:07:11
461,Phan Thiet,10.9333,108.1,88.29,64,100,13.11,VN,2022-07-03 04:02:41
462,Kalaleh,37.3807,55.4916,74.5,69,54,15.12,IR,2022-07-03 04:07:12
463,Sihora,23.4833,80.1167,84.67,70,100,5.44,IN,2022-07-03 04:03:17
464,Marrakesh,31.6315,-8.0083,64.47,77,0,6.91,MA,2022-07-03 04:07:12
465,Oranjemund,-28.55,16.4333,54.54,90,1,4.0,NA,2022-07-03 04:07:13
466,Saskylakh,71.9167,114.0833,68.23,36,2,11.43,RU,2022-07-03 04:07:13
467,Tongchuan,35.0806,109.0897,84.06,46,0,7.74,CN,2022-07-03 04:07:14
468,Tilichiki,60.4667,166.1,50.43,78,98,3.94,RU,2022-07-03 04:07:14
469,Belle Glade,26.6845,-80.6676,83.05,83,99,8.57,US,2022-07-03 04:07:14
470,Touros,-5.1989,-35.4608,74.17,93,97,12.1,BR,2022-07-03 04:07:14
471,Atkarsk,51.8718,45.0078,62.04,77,71,13.58,RU,2022-07-03 04:07:15
472,Yar-Sale,66.8333,70.8333,45.75,67,97,19.35,RU,2022-07-03 04:07:15
473,Majene,-3.5403,118.9707,84.11,76,55,4.88,ID,2022-07-03 04:07:15
474,Sistranda,63.7256,8.834,58.96,83,70,11.88,NO,2022-07-03 04:04:05
475,Santa Vitoria Do Palmar,-33.5189,-53.3681,44.28,87,17,5.01,BR,2022-07-03 04:07:16
476,Seropedica,-22.7439,-43.7075,62.19,72,0,5.93,BR,2022-07-03 04:07:16
477,Dryden,49.7833,-92.7503,51.39,67,18,3.65,CA,2022-07-03 04:07:17
478,Savannah Bight,16.45,-85.85,80.65,75,100,15.59,HN,2022-07-03 04:07:17
479,Debre Birhan,9.6833,39.5333,53.31,81,100,3.09,ET,2022-07-03 04:07:17
480,Kuvandyk,51.4781,57.3552,62.69,64,100,10.31,RU,2022-07-03 04:02:27
481,Ushtobe,45.2514,77.9838,84.65,16,96,2.19,KZ,2022-07-03 04:07:18
482,Puerto Madryn,-42.7692,-65.0385,48.92,51,55,22.79,AR,2022-07-03 04:02:30
483,Yakeshi,49.2833,120.7333,93.76,24,43,5.14,CN,2022-07-03 04:02:37
484,Thai Binh,20.45,106.3333,91.08,62,99,4.03,VN,2022-07-03 04:07:19
485,Roald,62.5833,6.1333,61.9,67,40,9.22,NO,2022-07-03 04:07:19
486,Chongwe,-15.3292,28.682,50.52,95,1,5.12,ZM,2022-07-03 04:07:19
487,Cape Canaveral,28.4058,-80.6048,82.4,85,75,9.22,US,2022-07-03 04:02:43
488,Jinchang,38.4953,102.1739,84.06,21,83,13.65,CN,2022-07-03 04:02:34
489,Pacific Grove,36.6177,-121.9166,61.11,86,100,10.36,US,2022-07-03 04:07:20
490,Los Llanos De Aridane,28.6585,-17.9182,67.75,88,0,14.97,ES,2022-07-03 04:07:20
491,Trincomalee,8.5711,81.2335,87.28,65,66,16.42,LK,2022-07-03 04:03:11
492,Netishyn,50.34,26.6417,65.41,97,80,6.46,UA,2022-07-03 04:07:21
493,Roebourne,-20.7833,117.1333,71.11,23,1,22.44,AU,2022-07-03 04:07:22
494,Ormara,25.2088,64.6357,85.69,79,59,6.62,PK,2022-07-03 04:07:22
495,Aktash,50.3,87.7333,48.02,54,68,5.03,RU,2022-07-03 04:07:22
496,Anadyr,64.75,177.4833,44.01,93,100,15.01,RU,2022-07-03 04:07:23
497,New Glasgow,45.5834,-62.6486,67.78,96,97,11.7,CA,2022-07-03 04:07:23
498,San Cristobal,7.7669,-72.225,73.58,99,97,4.05,VE,2022-07-03 04:07:23
499,Buraydah,26.326,43.975,86.34,17,2,9.46,SA,2022-07-03 04:07:23
500,Itaituba,-4.2761,-55.9836,75.36,83,90,1.57,BR,2022-07-03 04:07:24
501,Yenagoa,4.9247,6.2642,72.93,96,94,3.18,NG,2022-07-03 04:07:24
502,Angoram,-4.0625,144.0661,92.55,48,75,1.43,PG,2022-07-03 04:07:24
503,Nioro,13.35,-15.75,77.59,78,93,2.44,GM,2022-07-03 04:08:25
504,Okhotsk,59.3833,143.3,64.9,53,9,8.03,RU,2022-07-03 04:08:25
505,Russell,32.3502,-85.1999,78.4,94,75,0.0,US,2022-07-03 04:08:25
506,Otofuke,42.9917,143.2003,87.55,62,67,10.11,JP,2022-07-03 04:07:50
507,Vila,42.0304,-8.1588,54.48,88,13,5.93,PT,2022-07-03 04:08:26
508,Varangaon,21.0167,75.9,81.81,74,97,10.0,IN,2022-07-03 04:08:26
509,Hirara,24.8,125.2833,84.22,73,93,14.38,JP,2022-07-03 04:08:26
510,Matay,28.419,30.7792,78.4,55,0,6.82,EG,2022-07-03 04:08:27
511,George Town,5.4112,100.3354,89.53,62,20,10.36,MY,2022-07-03 04:06:35
512,Aswan,24.0934,32.907,85.59,25,26,7.16,EG,2022-07-03 04:08:27
513,Atasu,48.6814,71.6433,79.0,20,10,6.53,KZ,2022-07-03 04:08:28
514,Staszow,50.5631,21.1659,64.62,87,100,5.68,PL,2022-07-03 04:08:28
515,Burgeo,47.6167,-57.6152,57.49,98,100,13.67,CA,2022-07-03 04:08:28
516,Eureka,40.8021,-124.1637,59.67,84,100,1.99,US,2022-07-03 04:08:29
517,Vilyuysk,63.7553,121.6247,85.14,38,4,10.4,RU,2022-07-03 04:08:29
518,Winschoten,53.1442,7.0347,59.99,72,81,6.6,NL,2022-07-03 04:08:29
519,Linxia,35.6003,103.2064,82.02,31,0,4.05,CN,2022-07-03 04:08:30
520,Zheshart,62.0731,49.5733,59.14,64,94,4.76,RU,2022-07-03 04:08:30
521,Hueytown,33.4512,-86.9967,78.87,89,0,3.44,US,2022-07-03 04:08:30
522,Urucara,-2.5364,-57.76,73.47,94,72,2.73,BR,2022-07-03 04:08:31
523,Great Yarmouth,52.6083,1.7305,56.44,90,14,8.5,GB,2022-07-03 04:08:31
524,Soyo,-6.1349,12.3689,72.3,81,100,9.57,AO,2022-07-03 04:08:31
525,Baykit,61.67,96.37,66.54,61,83,8.63,RU,2022-07-03 04:08:31
526,Mayo,38.8876,-76.5119,75.94,92,0,0.0,US,2022-07-03 04:08:32
527,Moerai,-22.4333,-151.3333,73.42,66,35,11.7,PF,2022-07-03 04:08:32
528,Buenos Aires,-34.6132,-58.3772,46.13,78,0,2.3,AR,2022-07-03 04:05:41
529,Paamiut,61.994,-49.6678,42.85,78,100,1.07,GL,2022-07-03 04:08:32
530,Vaitape,-16.5167,-151.75,79.07,65,17,14.32,PF,2022-07-03 04:08:33
531,Christchurch,-43.5333,172.6333,59.2,49,1,5.75,NZ,2022-07-03 04:08:22
532,Dukat,62.55,155.55,46.35,90,100,3.87,RU,2022-07-03 04:08:33
533,Maridi,4.9158,29.4742,64.35,99,18,4.79,SS,2022-07-03 04:08:33
534,Tyshkivka,48.4967,30.9423,62.64,49,90,2.24,UA,2022-07-03 04:08:34
535,Cooma,-36.2333,149.1333,44.37,100,100,12.66,AU,2022-07-03 04:05:00
536,Kamaishi,39.2667,141.8833,84.87,59,100,4.21,JP,2022-07-03 04:08:35
537,Sao Filipe,14.8961,-24.4956,72.81,75,10,10.67,CV,2022-07-03 04:08:35
538,Akyab,20.15,92.9,82.9,81,97,12.15,MM,2022-07-03 04:08:35
539,Santa Fe,-31.6333,-60.7,51.01,64,2,5.01,AR,2022-07-03 04:08:35
540,Latung,5.5,120.8833,83.17,77,85,2.33,PH,2022-07-03 04:08:36
541,Port Macquarie,-31.4333,152.9167,68.9,62,14,4.97,AU,2022-07-03 04:08:19
542,Mbandaka,0.0487,18.2603,67.75,92,88,2.8,CD,2022-07-03 04:08:36
543,San Quintin,30.4833,-115.95,66.04,83,0,16.28,MX,2022-07-03 04:08:36
544,Watertown,42.3709,-71.1828,71.98,90,0,8.01,US,2022-07-03 04:08:37
545,Kizukuri,40.8061,140.3861,89.94,67,43,12.46,JP,2022-07-03 04:08:38
546,Mailsi,29.8003,72.1758,100.11,40,57,6.08,PK,2022-07-03 04:08:38
547,Dangriga,16.9692,-88.2321,80.94,82,100,14.5,BZ,2022-07-03 04:08:38
548,Tutoia,-2.7619,-42.2744,77.02,89,76,12.17,BR,2022-07-03 04:08:39
549,Tigre,-34.426,-58.5796,46.4,100,5,2.3,AR,2022-07-03 04:08:39
550,Mandera,3.9366,41.867,73.0,65,47,20.38,KE,2022-07-03 04:08:39
551,Te Anau,-45.4167,167.7167,48.09,79,72,8.03,NZ,2022-07-03 04:08:40
552,Banjar,-8.19,114.9675,86.63,68,48,3.62,ID,2022-07-03 04:09:40
553,Batagay-Alyta,67.8006,130.4114,77.54,28,100,5.26,RU,2022-07-03 04:09:40
554,La Rioja,42.25,-2.5,55.18,90,11,0.98,ES,2022-07-03 04:09:41
555,Mount Gambier,-37.8333,140.7667,53.35,61,92,8.39,AU,2022-07-03 04:09:41
556,Mehran,33.1222,46.1646,92.1,19,0,12.26,IR,2022-07-03 04:09:41
557,Kasongo-Lunda,-6.4667,16.8167,64.62,45,1,2.08,CD,2022-07-03 04:09:42
558,Pleshanovo,52.8333,53.4833,59.18,87,100,8.57,RU,2022-07-03 04:09:42
559,Pervomayskoye,43.919,46.7102,69.66,42,0,23.53,RU,2022-07-03 04:09:42
560,Kysyl-Syr,63.8986,122.7617,84.54,38,4,9.84,RU,2022-07-03 04:09:43
561,Pacifica,37.6138,-122.4869,60.53,92,100,16.11,US,2022-07-03 04:09:43
562,San Policarpo,12.1791,125.5072,85.5,71,90,7.45,PH,2022-07-03 04:09:43
563,Cabedelo,-6.9811,-34.8339,74.07,83,78,16.33,BR,2022-07-03 04:09:44
564,Vila Franca Do Campo,37.7167,-25.4333,67.19,90,39,8.12,PT,2022-07-03 04:09:44
565,Le Port,-20.9373,55.2919,72.25,50,10,6.26,RE,2022-07-03 04:09:45
566,San Jeronimo,-11.9472,-75.2829,44.8,77,86,2.53,PE,2022-07-03 04:09:45
567,Cabinda,-5.55,12.2,71.11,90,99,6.78,AO,2022-07-03 04:09:45
568,Morondava,-20.2833,44.2833,64.9,80,1,11.01,MG,2022-07-03 04:09:46
569,Kibondo,-3.5864,30.7203,53.85,66,34,2.26,TZ,2022-07-03 04:09:46
570,Komsomolskiy,40.4272,71.7189,84.92,26,0,4.61,UZ,2022-07-03 04:09:46
571,Padang,-0.9492,100.3543,84.25,62,90,4.14,ID,2022-07-03 04:07:08
572,Ileza,61.0533,43.9002,60.98,70,7,4.12,RU,2022-07-03 04:09:47
573,Puerto Narino,-3.7703,-70.3831,72.99,96,99,0.31,CO,2022-07-03 04:09:47
574,Cache Creek,50.8101,-121.3246,67.91,51,98,2.04,CA,2022-07-03 04:09:48
575,Slave Lake,55.2834,-114.769,52.79,71,15,2.15,CA,2022-07-03 04:09:48
576,Bintulu,3.1667,113.0333,87.57,59,39,5.14,MY,2022-07-03 04:05:02
577,Bronnoysund,65.4625,12.1997,59.0,82,1,3.44,NO,2022-07-03 04:09:04
578,Forest Grove,45.5198,-123.1107,67.91,71,75,12.66,US,2022-07-03 04:09:49
579,Along,28.1667,94.7667,91.04,58,76,2.3,IN,2022-07-03 04:09:49
580,Saint-Georges,12.0564,-61.7485,79.63,83,36,18.45,GD,2022-07-03 04:09:50
581,Kalmunai,7.4167,81.8167,87.87,59,37,4.41,LK,2022-07-03 04:08:27
582,Port Shepstone,-30.7414,30.455,62.73,40,0,8.66,ZA,2022-07-03 04:09:50
583,Rafaela,-31.2503,-61.4867,48.97,43,6,5.26,AR,2022-07-03 04:09:51
584,Birao,10.2849,22.7882,71.87,91,100,4.16,CF,2022-07-03 04:09:51
585,Praia,14.9215,-23.5087,72.12,79,37,13.96,CV,2022-07-03 04:09:51
586,Black River,18.0264,-77.8487,77.34,88,85,6.29,JM,2022-07-03 04:09:51
587,Mailani,28.2833,80.35,93.6,53,64,6.11,IN,2022-07-03 04:09:52
588,Yaan,7.3833,8.5667,70.83,96,94,4.05,NG,2022-07-03 04:09:52
589,Galveston,29.3669,-94.9669,84.06,86,0,4.0,US,2022-07-03 04:06:30
